{
    "BodyPosition.LEFT_ELBOW": [
        [
            1.0061661697775701,
            1.5782110643130856,
            1.2490486745229363
        ],
        [
            1.0110669593086896,
            1.4566058909122386,
            1.204788011072248
        ],
        [
            0.9747549614747337,
            1.3834936490538905,
            1.125
        ],
        [
            1.0236646743491826,
            1.3509513254770638,
            1.0217889356869145
        ],
        [
            0.9829390471647402,
            1.3585185434277331,
            0.9352952387243697
        ],
        [
            1.0135437153730635,
            1.4232233047033631,
            0.8232233047033631
        ],
        [
            0.9718991085387422,
            1.514494964168583,
            0.7650768448035229
        ],
        [
            0.9783087087490071,
            1.6217889356869146,
            0.7509513254770637
        ]
    ],
    "BodyPosition.LEFT_WRIST": [
        [
            1.0123323395551402,
            1.556422128626171,
            1.4980973490458727
        ],
        [
            1.0221339186173792,
            1.313211781824477,
            1.409576022144496
        ],
        [
            0.9495099229494675,
            1.166987298107781,
            1.25
        ],
        [
            1.0473293486983652,
            1.1019026509541274,
            1.043577871373829
        ],
        [
            0.9658780943294805,
            1.1170370868554662,
            0.8705904774487394
        ],
        [
            1.027087430746127,
            1.2464466094067261,
            0.6464466094067263
        ],
        [
            0.9437982170774843,
            1.4289899283371659,
            0.5301536896070458
        ],
        [
            0.9566174174980142,
            1.6435778713738292,
            0.5019026509541273
        ]
    ],
    "BodyPosition.RIGHT_ELBOW": [
        [
            1.2114733251307592,
            1.6434120444167326,
            0.753798061746948
        ],
        [
            1.215344316007875,
            1.53529523872437,
            0.758518543427733
        ],
        [
            1.2244084110970015,
            1.4393030975783652,
            0.8084888892202555
        ],
        [
            1.1962766475295068,
            1.3734230532408376,
            0.8943454345648252
        ],
        [
            1.1829352366820998,
            1.35,
            1.0
        ],
        [
            1.1804724281284942,
            1.3734230532408376,
            1.1056545654351748
        ],
        [
            1.1951769777924866,
            1.4393030975783652,
            1.1915111107797445
        ],
        [
            1.1985458722193454,
            1.53529523872437,
            1.2414814565722672
        ]
    ],
    "BodyPosition.RIGHT_WRIST": [
        [
            1.2229466502615185,
            1.6868240888334651,
            0.5075961234938959
        ],
        [
            1.23068863201575,
            1.4705904774487397,
            0.5170370868554659
        ],
        [
            1.248816822194003,
            1.2786061951567302,
            0.616977778440511
        ],
        [
            1.1925532950590136,
            1.146846106481675,
            0.7886908691296504
        ],
        [
            1.1658704733641996,
            1.1,
            1.0
        ],
        [
            1.1609448562569884,
            1.146846106481675,
            1.2113091308703496
        ],
        [
            1.1903539555849731,
            1.2786061951567302,
            1.383022221559489
        ],
        [
            1.1970917444386908,
            1.4705904774487397,
            1.4829629131445343
        ]
    ],
    "BodyPosition.LEFT_KNEE": [
        [
            1,
            1.0434120444167325,
            0.753798061746948
        ],
        [
            1,
            0.9352952387243698,
            0.758518543427733
        ],
        [
            1,
            0.8393030975783652,
            0.8084888892202555
        ],
        [
            1,
            0.7734230532408375,
            0.8943454345648252
        ],
        [
            1,
            0.75,
            1.0
        ],
        [
            1,
            0.7734230532408375,
            1.1056545654351748
        ],
        [
            1,
            0.8393030975783652,
            1.1915111107797445
        ],
        [
            1,
            0.9352952387243698,
            1.2414814565722672
        ]
    ],
    "BodyPosition.LEFT_ANKLE": [
        [
            1,
            1.086824088833465,
            0.5075961234938959
        ],
        [
            1,
            0.8705904774487396,
            0.5170370868554659
        ],
        [
            1,
            0.6786061951567304,
            0.616977778440511
        ],
        [
            1,
            0.546846106481675,
            0.7886908691296504
        ],
        [
            1,
            0.5,
            1.0
        ],
        [
            1,
            0.546846106481675,
            1.2113091308703496
        ],
        [
            1,
            0.6786061951567304,
            1.383022221559489
        ],
        [
            1,
            0.8705904774487396,
            1.4829629131445343
        ]
    ],
    "BodyPosition.RIGHT_KNEE": [
        [
            1.2,
            0.9782110643130855,
            1.2490486745229363
        ],
        [
            1.2,
            0.8566058909122385,
            1.204788011072248
        ],
        [
            1.2,
            0.7834936490538903,
            1.125
        ],
        [
            1.2,
            0.7509513254770637,
            1.0217889356869145
        ],
        [
            1.2,
            0.758518543427733,
            0.9352952387243697
        ],
        [
            1.2,
            0.8232233047033631,
            0.8232233047033631
        ],
        [
            1.2,
            0.9144949641685828,
            0.7650768448035229
        ],
        [
            1.2,
            1.0217889356869145,
            0.7509513254770637
        ]
    ],
    "BodyPosition.RIGHT_ANKLE": [
        [
            1.2,
            0.9564221286261709,
            1.4980973490458727
        ],
        [
            1.2,
            0.713211781824477,
            1.409576022144496
        ],
        [
            1.2,
            0.5669872981077806,
            1.25
        ],
        [
            1.2,
            0.5019026509541273,
            1.043577871373829
        ],
        [
            1.2,
            0.5170370868554659,
            0.8705904774487394
        ],
        [
            1.2,
            0.6464466094067263,
            0.6464466094067263
        ],
        [
            1.2,
            0.8289899283371656,
            0.5301536896070458
        ],
        [
            1.2,
            1.043577871373829,
            0.5019026509541273
        ]
    ],
    "BodyPosition.BODY": [
        [
            1.1,
            1.5,
            1
        ],
        [
            1.1,
            1.5,
            1
        ],
        [
            1.1,
            1.5,
            1
        ],
        [
            1.1,
            1.5,
            1
        ],
        [
            1.1,
            1.5,
            1
        ],
        [
            1.1,
            1.5,
            1
        ],
        [
            1.1,
            1.5,
            1
        ],
        [
            1.1,
            1.5,
            1
        ]
    ]
}